-- MySQL dump 10.13  Distrib 5.6.20, for osx10.9 (x86_64)
--
-- Host: localhost    Database: vas
-- ------------------------------------------------------
-- Server version	5.6.20

/*!40101 SET @OLD_CHARACTER_SET_CLIENT=@@CHARACTER_SET_CLIENT */;
/*!40101 SET @OLD_CHARACTER_SET_RESULTS=@@CHARACTER_SET_RESULTS */;
/*!40101 SET @OLD_COLLATION_CONNECTION=@@COLLATION_CONNECTION */;
/*!40101 SET NAMES utf8 */;
/*!40103 SET @OLD_TIME_ZONE=@@TIME_ZONE */;
/*!40103 SET TIME_ZONE='+00:00' */;
/*!40014 SET @OLD_UNIQUE_CHECKS=@@UNIQUE_CHECKS, UNIQUE_CHECKS=0 */;
/*!40014 SET @OLD_FOREIGN_KEY_CHECKS=@@FOREIGN_KEY_CHECKS, FOREIGN_KEY_CHECKS=0 */;
/*!40101 SET @OLD_SQL_MODE=@@SQL_MODE, SQL_MODE='NO_AUTO_VALUE_ON_ZERO' */;
/*!40111 SET @OLD_SQL_NOTES=@@SQL_NOTES, SQL_NOTES=0 */;

--
-- Table structure for table `outbound_msg`
--

DROP TABLE IF EXISTS `outbound_msg`;
/*!40101 SET @saved_cs_client     = @@character_set_client */;
/*!40101 SET character_set_client = utf8 */;
CREATE TABLE `outbound_msg` (
  `message_id` bigint(20) NOT NULL DEFAULT '0',
  `message_status` varchar(20) DEFAULT 'QUEUED',
  `channel_type` varchar(20) DEFAULT 'SMS',
  `destination_id` varchar(20) DEFAULT NULL,
  `source_id` varchar(20) DEFAULT NULL,
  `payload` varchar(1024) DEFAULT NULL,
  PRIMARY KEY (`message_id`)
) ENGINE=InnoDB DEFAULT CHARSET=utf8;
/*!40101 SET character_set_client = @saved_cs_client */;

--
-- Dumping data for table `outbound_msg`
--

LOCK TABLES `outbound_msg` WRITE;
/*!40000 ALTER TABLE `outbound_msg` DISABLE KEYS */;
INSERT INTO `outbound_msg` VALUES (1409995388474,'QUEUED','SMS','263733803480','','Your TeleVAS activation code is: 4743 8600 2232'),(1409995805024,'QUEUED','EMAIL','','','TeleVAS Activation Code | Hi Gerald,\n\nPlease click http://192.1.1.15/index.html?serviceCommand=activate&userId=&activationCode=9924 1145 1442 to activate your TeleVAS Account.\n\nThanks\nTeleVAS</body></html>'),(1409997888107,'QUEUED','SMS','263733803483','','Your TeleVAS activation code is: 8628 8360 8901'),(1412179414221,'QUEUED','EMAIL','david@tekeshe.com','','Hi Stanley,\n\n Your TeleVAS activation code is: 4326 2377 1920\n\n Please activate your account at http://vas.telecel.co.zw\n\nThanks\nTeleVAS'),(1412180092347,'QUEUED','EMAIL','david@tekeshe.com','','Hi Stanley,\n\n Your TeleVAS activation code is: 4207 2520 2838\n\n Please activate your account at http://vas.telecel.co.zw\n\nThanks\nTeleVAS'),(1412771248484,'QUEUED','SMS','263733803480','','Your TeleVAS activation code is: 2165 0314 7000\nVisit http://vas.telecel.co.zw'),(1412773072989,'QUEUED','SMS','263733803480','','Your TeleVAS activation code is: 8593 0794 8737\nVisit http://vas.telecel.co.zw'),(1412773145512,'QUEUED','EMAIL','david@tekeshe.com','','Hi Augustine,\n\n Your TeleVAS activation code is: 3689 2826 7627\n\n Please activate your account at http://vas.telecel.co.zw\n\nThanks\nTeleVAS'),(1413556276313,'QUEUED','SMS','263733803480','','$4.00 transfer to 0733661588 accepted. Your balance is now: $7.29. Reference: 1413556276313'),(1413556485723,'QUEUED','SMS','263733803480','','$4.00 transfer to 0733661588 accepted. Your balance is now: $7.29. Reference: 1413556485723'),(1413556486509,'QUEUED','SMS','david@tekeshe.com','','$4.00 transfer from 0733803480accepted. Your balance is now: $15.49. Reference: 1413556485723'),(1413556577795,'QUEUED','SMS','263733803480','','$4.00 transfer to 0733661588 accepted. Your balance is now: $7.29. Reference: 1413556577795'),(1413556578623,'QUEUED','SMS','david@tekeshe.com','','$4.00 transfer from 0733803480 accepted. Your balance is now: $15.49. Reference: 1413556577795'),(1413558839767,'QUEUED','SMS','263733803480','','$5.00 recharge voucher for 733661588 accepted. Reference: 1413558839767'),(1413558912464,'QUEUED','SMS','263733803480','','$5.00 recharge voucher for 733803480 accepted. Reference: 1413558912464'),(1413559109110,'QUEUED','SMS','263733803480','','$5.00 recharge voucher for 733803480 accepted. Reference: 1413559109110'),(1413559212120,'QUEUED','SMS','263733803480','','$5.00 recharge voucher for 733803480 accepted. Reference: 1413559212120'),(1413559212971,'QUEUED','SMS','263733803480','','$5.00 recharge voucher from 0733803480 accepted. Your balance is now 11.49'),(1413559577079,'QUEUED','SMS','263733803480','','$5.00 recharge voucher accepted. Your balance is now 11.49. Reference: 1413559577079'),(1414066892829,'QUEUED','SMS','263733803480','','You have bought the 76.00mb bundle for 0efined. Your main balance is now 8.49usd. '),(1414066892990,'QUEUED','SMS','undefined','','You received 76.00mb bundle from 0733803480. Your data balance is now 87.49mb exp on 22/11/2014'),(1414067255566,'QUEUED','SMS','263733803480','','You have bought the 304.00mb bundle for 0733661588. Your main balance is now 1.49usd. '),(1414067255604,'QUEUED','SMS','david@tekeshe.com','','You received 304.00mb bundle from 0733803480. Your data balance is now 315.49mb exp on 22/12/2014'),(1414067699024,'QUEUED','SMS','263733803480','','You have bought the 142.50mb bundle for 0733661588. Your main balance is now 6.49usd. '),(1414067699065,'QUEUED','SMS','david@tekeshe.com','','You received 142.50mb bundle from 0733803480. Your data balance is now 153.99mb exp on 22/12/2014'),(1414067819663,'QUEUED','SMS','263733803480','','You have bought the 9.50mb bundle for 0733661588. Your main balance is now 10.49usd. '),(1414067819694,'QUEUED','SMS','david@tekeshe.com','','You received 9.50mb bundle from 0733803480. Your data balance is now 20.99mb exp on 22/11/2014'),(1414068083591,'QUEUED','SMS','263733803480','','You have bought the 142.50mb bundle for 0733661588. Your main balance is now 6.49usd. '),(1414068083623,'QUEUED','SMS','david@tekeshe.com','','You received 142.50mb bundle from 0733803480. Your data balance is now 153.99mb exp on 22/12/2014'),(1414068422345,'QUEUED','SMS','263733803480','','You have bought the 304.00mb bundle for 0733661588. Your main balance is now 1.49usd. '),(1414068423230,'QUEUED','SMS','david@tekeshe.com','','You received 304.00mb bundle from 0733803480. Your data balance is now 315.49mb exp on 22/12/2014'),(1414068584315,'QUEUED','SMS','263733803480','','You have bought the 76.00mb bundle. Your main balance is now 8.49usd. Your data balance is 87.49mb exp on 22/11/2014'),(1414068790942,'QUEUED','SMS','263733803480','','You have bought the 304.00mb bundle. Your main balance is now 1.49usd. Your data balance is 315.49mb exp on 22/12/2014'),(1414069548262,'QUEUED','SMS','263733803480','','$2.00 transfer to 0733661588 accepted. Your balance is now: $9.29. Reference: 1414069548262'),(1414069548327,'QUEUED','SMS','david@tekeshe.com','','$2.00 transfer from 0733803480 accepted. Your balance is now: $13.49. Reference: 1414069548262'),(1414069650879,'QUEUED','SMS','263733803480','','$5.00 recharge voucher for 0733661588 accepted. Reference: 1414069650879'),(1414069650911,'QUEUED','SMS','david@tekeshe.com','','$5.00 recharge voucher from 0733803480 accepted. Your balance is now 11.49'),(1414072218238,'QUEUED','SMS','263733803480','','You have bought the 304.00mb bundle for 0733661588. Your main balance is now 1.49usd. '),(1414072218343,'QUEUED','SMS','david@tekeshe.com','','You received 304.00mb bundle from 0733803480. Your data balance is now 315.49mb exp on 22/12/2014'),(1414072366152,'QUEUED','SMS','263733803480','','You have bought the 76.00mb bundle for 0733661588. Your main balance is now 8.49usd. '),(1414072366247,'QUEUED','SMS','david@tekeshe.com','','You received 76.00mb bundle from 0733803480. Your data balance is now 87.49mb exp on 22/11/2014'),(1414075070609,'QUEUED','SMS','263733803480','','You have bought the 76.00mb bundle for 0733661588. Your main balance is now 8.49usd. '),(1414075070707,'QUEUED','SMS','david@tekeshe.com','','You received 76.00mb bundle from 0733803480. Your data balance is now 87.49mb exp on 22/11/2014'),(1414075130090,'QUEUED','SMS','263733803480','','You have bought the 9.50mb bundle. Your main balance is now 10.49usd. Your data balance is 20.99mb exp on 22/11/2014'),(1414075188759,'QUEUED','SMS','263733803480','','$3.00 transfer to 0733661588 accepted. Your balance is now: $8.29. Reference: 1414075188759'),(1414075188795,'QUEUED','SMS','david@tekeshe.com','','$3.00 transfer from 0733803480 accepted. Your balance is now: $14.49. Reference: 1414075188759'),(1414075241796,'QUEUED','SMS','263733803480','','$5.00 recharge voucher for 0263733661588 accepted. Reference: 1414075241796'),(1414075241822,'QUEUED','SMS','david@tekeshe.com','','$5.00 recharge voucher from 0733803480 accepted. Your balance is now 11.49'),(1414075275830,'QUEUED','SMS','263733803480','','$5.00 recharge voucher for 0263733803480 accepted. Reference: 1414075275830'),(1414075275853,'QUEUED','SMS','263733803480','','$5.00 recharge voucher from 0733803480 accepted. Your balance is now 11.49'),(1414160841542,'QUEUED','SMS','263733803481','','Your TeleVAS activation code is: 0210 8333 9865\nVisit http://vas.telecel.co.zw'),(1414162961644,'QUEUED','SMS','263733803483','','Your TeleVAS activation code is: 0005 3511 1302\nVisit http://vas.telecel.co.zw'),(1414163110472,'QUEUED','SMS','263733803484','','Your TeleVAS activation code is: 6175 5654 2304\nVisit http://vas.telecel.co.zw'),(1414165432648,'QUEUED','SMS','263733803485','','Your TeleVAS activation code is: 3277 6613 4268\nVisit http://vas.telecel.co.zw'),(1414165559758,'QUEUED','SMS','263733803486','','Your TeleVAS activation code is: 4532 3932 4817\nVisit http://vas.telecel.co.zw'),(1414165621468,'QUEUED','SMS','263733803487','','Your TeleVAS activation code is: 9499 2210 8373\nVisit http://vas.telecel.co.zw'),(1414165776107,'QUEUED','SMS','263733803580','','Your TeleVAS activation code is: 3276 1991 3190\nVisit http://vas.telecel.co.zw'),(1414170292520,'QUEUED','SMS','263733803581','','Your TeleVAS activation code is: 7637 0569 5236\nVisit http://vas.telecel.co.zw'),(1414218816042,'QUEUED','SMS','263733803584','','Your TeleVAS activation code is: 0389 9674 9129\nVisit http://vas.telecel.co.zw'),(1414218943049,'QUEUED','SMS','263733803585','','Your TeleVAS activation code is: 3333 2696 1199\nVisit http://vas.telecel.co.zw'),(1414220176011,'QUEUED','SMS','263733803586','','Your TeleVAS activation code is: 1320 4169 5776\nVisit http://vas.telecel.co.zw'),(1414220323044,'QUEUED','SMS','263733803587','','Your TeleVAS activation code is: 3010 9277 8314\nVisit http://vas.telecel.co.zw'),(1414220883336,'QUEUED','SMS','263733803488','','Your TeleVAS activation code is: 9526 6531 8412\nVisit http://vas.telecel.co.zw'),(1414221386445,'QUEUED','SMS','263733803589','','Your TeleVAS activation code is: 6413 4864 8321\nVisit http://vas.telecel.co.zw'),(1414221501497,'QUEUED','SMS','263733803680','','Your TeleVAS activation code is: 3499 8406 4696\nVisit http://vas.telecel.co.zw'),(1414221634287,'QUEUED','SMS','263733803681','','Your TeleVAS activation code is: 4349 6629 4301\nVisit http://vas.telecel.co.zw'),(1414221904832,'QUEUED','SMS','263733803684','','Your TeleVAS activation code is: 7273 6000 0301\nVisit http://vas.telecel.co.zw'),(1414222117662,'QUEUED','SMS','263733803687','','Your TeleVAS activation code is: 9140 1343 5566\nVisit http://vas.telecel.co.zw'),(1414222259415,'QUEUED','SMS','263733803780','','Your TeleVAS activation code is: 5481 3558 9140\nVisit http://vas.telecel.co.zw'),(1414222544719,'QUEUED','SMS','263733803781','','Your TeleVAS activation code is: 3430 4604 0819\nVisit http://vas.telecel.co.zw'),(1414222678572,'QUEUED','SMS','263733803783','','Your TeleVAS activation code is: 7051 1522 7679\nVisit http://vas.telecel.co.zw'),(1414223262473,'QUEUED','SMS','263733813480','','Your TeleVAS activation code is: 2173 3299 4626\nVisit http://vas.telecel.co.zw'),(1414223371289,'QUEUED','SMS','263733813481','','Your TeleVAS activation code is: 0256 0255 0281\nVisit http://vas.telecel.co.zw'),(1414223525301,'QUEUED','SMS','263733813482','','Your TeleVAS activation code is: 5467 0563 5156\nVisit http://vas.telecel.co.zw'),(1414223685790,'QUEUED','SMS','263733813484','','Your TeleVAS activation code is: 5292 7189 1984\nVisit http://vas.telecel.co.zw'),(1414223957348,'QUEUED','SMS','263733804080','','Your TeleVAS activation code is: 2689 4998 0067\nVisit http://vas.telecel.co.zw'),(1414224229449,'QUEUED','SMS','263733823480','','Your TeleVAS activation code is: 5161 0248 6678\nVisit http://vas.telecel.co.zw'),(1414224318886,'QUEUED','SMS','263733903490','','Your TeleVAS activation code is: 1956 8537 2708\nVisit http://vas.telecel.co.zw'),(1414494892435,'QUEUED','SMS','263733813484','','Your TeleVAS activation code is: 4331 2395 9232\nVisit http://vas.telecel.co.zw'),(1414495037720,'QUEUED','SMS','263733813480','','Your TeleVAS activation code is: 0643 0423 5449\nVisit http://vas.telecel.co.zw'),(1414503682508,'QUEUED','SMS','263733803480','','You have bought the 9.50mb bundle. Your main balance is now 10.49usd. Your data balance is 20.99mb exp on 27/11/2014'),(1414503915860,'QUEUED','SMS','263733803480','','$5.00 recharge voucher for 0263733661588 accepted. Reference: 1414503915860'),(1414503915889,'QUEUED','SMS','david@tekeshe.com','','$5.00 recharge voucher from 0733803480 accepted. Your balance is now 11.49'),(1414504448729,'QUEUED','SMS','263733803480','','$1.00 transfer to 0733661588 accepted. Your balance is now: $10.29. Reference: 1414504448729'),(1414504448764,'QUEUED','SMS','david@tekeshe.com','','$1.00 transfer from 0733803480 accepted. Your balance is now: $12.49. Reference: 1414504448729');
/*!40000 ALTER TABLE `outbound_msg` ENABLE KEYS */;
UNLOCK TABLES;

--
-- Table structure for table `txns`
--

DROP TABLE IF EXISTS `txns`;
/*!40101 SET @saved_cs_client     = @@character_set_client */;
/*!40101 SET character_set_client = utf8 */;
CREATE TABLE `txns` (
  `uuid` bigint(20) NOT NULL,
  `source_id` varchar(20) NOT NULL,
  `destination_id` varchar(20) DEFAULT NULL,
  `delivery_channel` varchar(20) NOT NULL,
  `transaction_date` datetime DEFAULT NULL,
  `transaction_type` varchar(20) DEFAULT NULL,
  `product_code` varchar(20) DEFAULT NULL,
  `amount` decimal(18,2) DEFAULT NULL,
  `status_code` varchar(5) DEFAULT NULL,
  `narrative` varchar(1024) DEFAULT NULL,
  `short_message` varchar(1024) DEFAULT NULL,
  `account_type` varchar(20) DEFAULT 'PREPAID',
  `source_balance` decimal(18,2) DEFAULT NULL,
  `beneficiary_balance` decimal(18,2) DEFAULT NULL,
  PRIMARY KEY (`uuid`,`source_id`)
) ENGINE=InnoDB DEFAULT CHARSET=utf8;
/*!40101 SET character_set_client = @saved_cs_client */;

--
-- Dumping data for table `txns`
--

LOCK TABLES `txns` WRITE;
/*!40000 ALTER TABLE `txns` DISABLE KEYS */;
INSERT INTO `txns` VALUES (1414063685983,'263733803480','263733803480','WEB','2014-10-23 13:28:06','DataBundlePurchase','4',5.00,'000',NULL,NULL,NULL,10.00,5.00),(1414066892829,'263733803480','263733803480','WEB','2014-10-23 14:21:33','DataBundlePurchase','3',3.00,'000',NULL,NULL,'PREPAID',10.00,5.00),(1414067255566,'263733803480','263733803480','WEB','2014-10-23 14:27:36','DataBundlePurchase','5',10.00,'000',NULL,NULL,'PREPAID',10.00,5.00),(1414067699024,'263733803480','263733803480','WEB','2014-10-23 14:34:59','DataBundlePurchase','4',5.00,'000',NULL,NULL,'PREPAID',10.00,5.00),(1414067819663,'263733803480','263733803480','WEB','2014-10-23 14:37:00','DataBundlePurchase','2',1.00,'000',NULL,NULL,'PREPAID',10.00,5.00),(1414068083591,'263733803480','263733803480','WEB','2014-10-23 14:41:24','DataBundlePurchase','4',5.00,'000',NULL,NULL,'PREPAID',10.00,5.00),(1414068422345,'263733803480','263733661588','WEB','2014-10-23 14:47:03','DataBundlePurchase','5',10.00,'000',NULL,NULL,'PREPAID',10.00,5.00),(1414068790942,'263733803480','263733803480','WEB','2014-10-23 14:53:11','DataBundlePurchase','5',10.00,'000',NULL,NULL,'PREPAID',10.00,5.00),(1414069548262,'263733803480','263733661588','WEB','2014-10-23 15:05:48','AirtimeTransfer','AirtimeTransfer',2.00,'000',NULL,NULL,'PREPAID',10.00,5.00),(1414069650879,'263733803480','733661588','WEB','2014-10-23 15:07:31','VoucherRecharge','VoucherRecharge',5.00,'000',NULL,NULL,'PREPAID',10.00,5.00),(1414072218238,'263733803480','263733661588','WEB','2014-10-23 15:50:18','DataBundlePurchase','5',10.00,'000',NULL,NULL,'PREPAID',10.00,5.00),(1414072366152,'263733803480','263733661588','WEB','2014-10-23 15:52:46','DataBundlePurchase','3',3.00,'000',NULL,NULL,'PREPAID',10.00,5.00),(1414075070609,'263733803480','263733661588','WEB','2014-10-23 16:37:51','DataBundlePurchase','3',3.00,'000',NULL,NULL,'PREPAID',8.49,87.49),(1414075130090,'263733803480','263733803480','WEB','2014-10-23 16:38:50','DataBundlePurchase','2',1.00,'000',NULL,NULL,'PREPAID',10.49,20.99),(1414075188759,'263733803480','263733661588','WEB','2014-10-23 16:39:49','AirtimeTransfer','AirtimeTransfer',3.00,'000',NULL,NULL,'PREPAID',8.29,14.49),(1414075241796,'263733803480','263733661588','WEB','2014-10-23 16:40:42','VoucherRecharge','VoucherRecharge',5.00,'000',NULL,NULL,'PREPAID',0.00,11.49),(1414075275830,'263733803480','263733803480','WEB','2014-10-23 16:41:16','VoucherRecharge','VoucherRecharge',5.00,'000',NULL,NULL,'PREPAID',11.49,11.49),(1414503682508,'263733803480','263733803480','WEB','2014-10-28 15:41:23','DataBundlePurchase','2',1.00,'000',NULL,NULL,'PREPAID',10.49,20.99),(1414503915860,'263733803480','263733661588','WEB','2014-10-28 15:45:16','VoucherRecharge','VoucherRecharge',5.00,'000',NULL,NULL,'PREPAID',0.00,11.49),(1414504448729,'263733803480','263733661588','WEB','2014-10-28 15:54:09','AirtimeTransfer','AirtimeTransfer',1.00,'000',NULL,NULL,'PREPAID',10.29,12.49),(1417069285601,'263733803480','263733665588','WEB','2014-11-27 08:21:26','DataBundlePurchase','3',3.00,'000',NULL,NULL,'PREPAID',8.49,171.75),(1417073238089,'263733803480','263733803480','WEB','2014-11-27 09:27:18','AirtimeTransfer','AirtimeTransfer',1.00,'000',NULL,NULL,'PREPAID',10.29,12.49),(1417075983280,'263733803480','263733803480','WEB','2014-11-27 10:13:03','AirtimeTransfer','AirtimeTransfer',1.00,'000',NULL,NULL,'PREPAID',10.29,12.49),(1417075984149,'263733803480','263733803480','WEB','2014-11-27 10:13:04','AirtimeTransfer','AirtimeTransfer',1.00,'000',NULL,NULL,'PREPAID',10.29,12.49),(1417076073571,'263733803480','263733803480','WEB','2014-11-27 10:14:34','AirtimeTransfer','AirtimeTransfer',1.00,'000',NULL,NULL,'PREPAID',10.29,12.49),(1417076074429,'263733803480','263733803480','WEB','2014-11-27 10:14:34','AirtimeTransfer','AirtimeTransfer',1.00,'000',NULL,NULL,'PREPAID',10.29,12.49),(1417076113213,'263733803480','263733803480','WEB','2014-11-27 10:15:15','AirtimeTransfer','AirtimeTransfer',1.00,'000',NULL,NULL,'PREPAID',10.29,12.49),(1417076146483,'263733803480','263733803480','WEB','2014-11-27 10:15:48','AirtimeTransfer','AirtimeTransfer',1.00,'000',NULL,NULL,'PREPAID',10.29,12.49),(1417076497367,'263733803480','263733803480','WEB','2014-11-27 10:21:38','VoucherRecharge','VoucherRecharge',0.00,'000',NULL,NULL,'PREPAID',11.49,11.49),(1417076676807,'263733803480','263733803480','WEB','2014-11-27 10:24:37','VoucherRecharge','VoucherRecharge',0.00,'000',NULL,NULL,'PREPAID',11.49,11.49),(1417077023460,'263733803480','263733803480','WEB','2014-11-27 10:30:24','VoucherRecharge','VoucherRecharge',0.00,'000',NULL,NULL,'PREPAID',11.49,11.49),(1417077458546,'263733803480','263733665588','WEB','2014-11-27 10:37:39','DataBundlePurchase','3',3.00,'000',NULL,NULL,'PREPAID',8.49,171.75),(1417077459353,'263733803480','263733803480','WEB','2014-11-27 10:37:39','AirtimeTransfer','AirtimeTransfer',1.00,'000',NULL,NULL,'PREPAID',10.29,12.49),(1417077459386,'263733803480','263733803480','WEB','2014-11-27 10:37:39','VoucherRecharge','VoucherRecharge',0.00,'000',NULL,NULL,'PREPAID',11.49,11.49);
/*!40000 ALTER TABLE `txns` ENABLE KEYS */;
UNLOCK TABLES;

--
-- Table structure for table `usr`
--

DROP TABLE IF EXISTS `usr`;
/*!40101 SET @saved_cs_client     = @@character_set_client */;
/*!40101 SET character_set_client = utf8 */;
CREATE TABLE `usr` (
  `mobile_number` varchar(20) NOT NULL DEFAULT '',
  `email_address` varchar(128) DEFAULT NULL,
  `password` varchar(60) DEFAULT NULL,
  `first_name` varchar(60) DEFAULT NULL,
  `surname` varchar(60) DEFAULT NULL,
  `role` varchar(20) DEFAULT NULL,
  `notification_agent` varchar(20) DEFAULT NULL,
  `status` varchar(20) DEFAULT NULL,
  `narrative` varchar(128) DEFAULT NULL,
  `activation_code` varchar(20) DEFAULT NULL,
  `security_question` varchar(255) DEFAULT NULL,
  `security_answer` varchar(255) DEFAULT NULL,
  PRIMARY KEY (`mobile_number`)
) ENGINE=InnoDB DEFAULT CHARSET=utf8;
/*!40101 SET character_set_client = @saved_cs_client */;

--
-- Dumping data for table `usr`
--

LOCK TABLES `usr` WRITE;
/*!40000 ALTER TABLE `usr` DISABLE KEYS */;
INSERT INTO `usr` VALUES ('263733431943','david@tekeshe.com','*','David 000','Tekeshe','User','SMS','enterActivationCode','','3689 2826 7627','Friend','None'),('263733661588','david@tekeshe.com','changeit','Stanley','Tekeshe','User','EMAIL','active','','','Brother','David'),('263733803480','david@tekeshe.com','changeit','George','Tekeshe','User','SMS','active','','','Wife','Mercy'),('263733803481','david@tekeshe.com','*','David 2 ','Tekeshe 2','User','SMS','enterActivationCode','','0210 8333 9865','Friend','None'),('263733803483','david@tekeshe.com','*','David 3','Tekeshe 3','User','SMS','enterActivationCode','','0005 3511 1302','Friend','None'),('263733803484','david@tekeshe.com','*','David 4','Tekeshe 4','User','SMS','enterActivationCode','','6175 5654 2304','Friend','None'),('263733803485','david@tekeshe.com','*','David 5','Tekeshe 5','User','SMS','enterActivationCode','','3277 6613 4268','Friend','None'),('263733803486','david@tekeshe.com','*','David 6','Tekeshe 6','User','SMS','enterActivationCode','','4532 3932 4817','Friend','None'),('263733803487','david@tekeshe.com','*','David 7','Tekeshe 7','User','SMS','enterActivationCode','','9499 2210 8373','Friend','None'),('263733803488','david@tekeshe.com','*','David 18','Tekeshe 18','User','SMS','enterActivationCode','','9526 6531 8412','Friend','None'),('263733803489','david@tekeshe.com','changeit','Gerald ','Tekeshe','User','EMAIL','active','','','Friend','None'),('263733803580','david@tekeshe.com','*','David 10','Tekeshe 10','User','SMS','enterActivationCode','','3276 1991 3190','Friend','None'),('263733803581','david@tekeshe.com','*','David 11','Tekeshe 11','User','SMS','enterActivationCode','','7637 0569 5236','Friend','None'),('263733803584','david@tekeshe.com','*','David 14','Tekeshe 14','User','SMS','enterActivationCode','','0389 9674 9129','Friend','None'),('263733803585','david@tekeshe.com','*','David 15','Tekeshe 15','User','SMS','enterActivationCode','','3333 2696 1199','Friend','None'),('263733803586','david@tekeshe.com','*','David 16','Tekeshe 16','User','SMS','enterActivationCode','','1320 4169 5776','Friend','None'),('263733803587','david@tekeshe.com','*','David 17','Tekeshe 17','User','SMS','enterActivationCode','','3010 9277 8314','Friend','None'),('263733803589','david@tekeshe.com','*','David 19','Tekeshe 19','User','SMS','enterActivationCode','','6413 4864 8321','Friend','None'),('263733803680','david@tekeshe.com','*','David 20','Tekeshe','User','SMS','enterActivationCode','','3499 8406 4696','Friend','None'),('263733803681','david@tekeshe.com','*','David 31','Tekeshe','User','SMS','enterActivationCode','','4349 6629 4301','Friend','None'),('263733803684','david@tekeshe.com','*','David 34','Tekeshe','User','SMS','enterActivationCode','','7273 6000 0301','Friend','None'),('263733803687','david@tekeshe.com','*','David 37','Tekeshe','User','SMS','enterActivationCode','','9140 1343 5566','Friend','None'),('263733803780','david@tekeshe.com','*','David 40','Tekeshe','User','SMS','enterActivationCode','','5481 3558 9140','Friend','None'),('263733803781','david@tekeshe.com','*','David 41','Tekeshe','User','SMS','enterActivationCode','','3430 4604 0819','Friend','None'),('263733803783','david@tekeshe.com','*','David 43','Tekeshe','User','SMS','enterActivationCode','','7051 1522 7679','Friend','None'),('263733804080','david@tekeshe.com','*','David 200','Tekeshe','User','SMS','enterActivationCode','','2689 4998 0067','Friend','None'),('263733813480','david@tekeshe.com','forcePasswordChange','David 105','Tekeshe','User','SMS','enterActivationCode','','0643 0423 5449','Friend','None'),('263733813481','david@tekeshe.com','*','David 101','Tekeshe','User','SMS','enterActivationCode','','0256 0255 0281','Friend','Melusi'),('263733813482','david@tekeshe.com','*','David 1051','Tekeshe','User','SMS','enterActivationCode','','5467 0563 5156','Friend','None'),('263733813484','david@tekeshe.com','forcePasswordChange','David 104','Tekeshe','User','SMS','enterActivationCode','','4331 2395 9232','Friend','None'),('263733823480','david@tekeshe.com','*','David 300','Tekeshe','User','SMS','enterActivationCode','','5161 0248 6678','Friend','None'),('263733903490','david@tekeshe.com','*','David 01','Tekeshe','User','SMS','enterActivationCode','','1956 8537 2708','Friend','None');
/*!40000 ALTER TABLE `usr` ENABLE KEYS */;
UNLOCK TABLES;
/*!40103 SET TIME_ZONE=@OLD_TIME_ZONE */;

/*!40101 SET SQL_MODE=@OLD_SQL_MODE */;
/*!40014 SET FOREIGN_KEY_CHECKS=@OLD_FOREIGN_KEY_CHECKS */;
/*!40014 SET UNIQUE_CHECKS=@OLD_UNIQUE_CHECKS */;
/*!40101 SET CHARACTER_SET_CLIENT=@OLD_CHARACTER_SET_CLIENT */;
/*!40101 SET CHARACTER_SET_RESULTS=@OLD_CHARACTER_SET_RESULTS */;
/*!40101 SET COLLATION_CONNECTION=@OLD_COLLATION_CONNECTION */;
/*!40111 SET SQL_NOTES=@OLD_SQL_NOTES */;

-- Dump completed on 2014-11-29 11:54:22
